dataset,precision,recall,f1
adults_anonymized_k03_emph_age.csv,0.35797698780749238,0.35040561106378576,0.35414818692027517
adults_anonymized_k03_emph_race.csv,0.35888322912754916,0.35044660067817601,0.3546093793361158
