dataset,precision,recall,F1 score
adults_anonymized_k5_emph_age.csv,0.62765957446808507,0.36875000000000002,0.46456692913385828
adults_anonymized_k5_emph_race.csv,0.7931034482758621,0.41818181818181815,0.54761904761904756
adults_anonymized_k5_equal.csv,0.61855670103092786,0.39473684210526316,0.48192771084337349
adults_marital-status_Married-civ-spouse_0.2.csv,0.66355140186915884,0.62831858407079644,0.6454545454545455
adults_marital-status_Married-civ-spouse_0.4.csv,0.75,0.58878504672897192,0.65968586387434547
adults_marital-status_Married-civ-spouse_0.6.csv,0.69491525423728817,0.49397590361445781,0.57746478873239426
adults_marital-status_Married-civ-spouse_0.8.csv,0.68965517241379315,0.47619047619047616,0.56338028169014076
adults_marital-status_Married-civ-spouse_1.csv,0.66666666666666663,0.23529411764705882,0.34782608695652178
input_for_python.csv,0.69354838709677424,0.57333333333333336,0.62773722627737227
