dataset,precision,recall,F1 score
adults_anonymized_k7_emph_age.csv,0.66260543580131204,0.47007978723404253,0.54998055231427456
adults_anonymized_k7_emph_race.csv,0.66347992351816443,0.4651474530831099,0.54688731284475955
adults_anonymized_k7_equal.csv,0.68672397325692458,0.47837658017298734,0.56392156862745102
input_for_python.csv,0.78166278166278169,0.67789757412398921,0.72609166365932876
