dataset,precision,recall,f1
adults___0.3.csv,0.845017755969099,0.86494105563077994,0.8548532741823136
