dataset,precision,recall,f1
adults_anonymized_k03_emph_age.csv,0.47934900430556898,0.3931769376714972,0.43185701899483464
