dataset,precision,recall,f1
adults_original_dataset.csv,0.86147772503862718,0.84639567868726195,0.85386654559249919
