dataset,precision,recall,f1
adults_sex_Female_0.2.csv,0.80547763412566176,0.82191988756996415,0.81361118290382972
adults_sex_Female_0.4.csv,0.81765459699700105,0.83188777208666009,0.82470140795310809
adults_sex_Female_0.6.csv,0.83099935807104885,0.84547068160168004,0.83816912466449656
adults_sex_Female_0.8.csv,0.84520995336836524,0.8581348002510405,0.85162000885250388
adults_sex_Female_1.csv,0.86249042922624464,0.87482826300294414,0.86861012263027904
original_dataset.csv,0.7897006620692415,0.80923004609599525,0.79933972784485074
