dataset,precision,recall,f1
adults_age_0_0.2.csv,0.7918799782531456,0.81032510073333341,0.80099167510319425
