dataset,size,std,var
adults_original_dataset.csv,30162,23067.4001036,532104947.541
adults_outliers_removed_0.1.csv,27145,22639.1158206,512529565.139
adults_outliers_removed_0.15.csv,25637,22830.0885518,521212943.283
adults_outliers_removed_0.2.csv,24129,23285.7879266,542227919.364
adults_outliers_removed_0.25.csv,22621,22718.224217,516117711.574
adults_outliers_removed_0.3.csv,21113,22845.0273879,521895276.355
adults_outliers_removed_0.35.csv,19605,23956.915076,573933779.959
adults_outliers_removed_0.4.csv,18096,23736.9557685,563443069.155
adults_outliers_removed_0.45.csv,16589,24264.6365728,588772588.01
