dataset,precision,recall,f1,std,var
adults_original_dataset.csv,0.879568699984,0.866321861945,0.872893662963
adults_outliers_removed_0.1.csv,0.875052081979,0.86247946912,0.868719954362
adults_outliers_removed_0.15.csv,0.871471701428,0.857939702402,0.864651170589
adults_outliers_removed_0.2.csv,0.868468596789,0.855692272104,0.862031926741
adults_outliers_removed_0.25.csv,0.86474291043,0.852084318755,0.858366604916
adults_outliers_removed_0.3.csv,0.860594737499,0.845545535068,0.853003650443
adults_outliers_removed_0.35.csv,0.856338879753,0.842438067264,0.849331598716
adults_outliers_removed_0.4.csv,0.853271411708,0.839854111406,0.846509506383
